Title,Genre(s),Developer(s),Publisher(s)
Aaero,Shooter,Mad Fellows Games,Reverb Triple XP
Aaru's Awakening,Platform,Lumenox Games,Lumenox Games
Abo Khashem,Role-playing,Moving Dimensions,Moving Dimensions
Absolver,Action,Sloclap,Devolver Digital
Achtung! Cthulhu Tactics,Turn-based strategy,Auroch Digital,Ripstone
Action Henk,Platform,RageSquid,Curve Digital
The Ascent,Action role-playing,Neon Giant,Curve Digital
Assassin's Creed Valhalla,Action role-playing,Ubisoft Montreal,Ubisoft
Assetto Corsa,Racing,Kunos Simulazioni,505 Games
Astroneer,"Simulation, Survival",System Era Softworks,System Era Softworks
Axiom Verge,Metroidvania,Thomas Happ Games,Thomas Happ Games
The Banner Saga,Tactical role-playing,Stoic Studio,Versus Evil
Battalion 1944,First-person shooter,Bulkhead Interactive,Square Enix Collective
Battlefield 1,First-person shooter,DICE,Electronic Arts
Battlefield 4,First-person shooter,EA Digital Illusions CE,Electronic Arts
Battlefield V,First-person shooter,EA DICE,Electronic Arts
Battlefield Hardline,First-person shooter,Visceral Games,Electronic Arts
Battlerite,Multiplayer online battle arena,Stunlock Studios,Stunlock Studios
Battletoads,Beat 'em up,RareDlala Studios,Xbox Game Studios
Battle Garegga Rev.2016,Arcadeshoot 'em up,M2,M2
Bayonetta,Actionhack and slash,PlatinumGames,Sega
Beach Buggy Racing,Racing,Vector Unit,Vector Unit
Beast Quest,Action-adventure,Torus Games,Maximum Games
Ben 10,Action-adventure,Outright Games,Bandai Namco Entertainment
Bendy and the Ink Machine,Horror,Joey Drew Studios,Rooster Teeth Games
Big Buck Hunter Arcade,"Arcade, Shooter",GameMill Entertainment,GameMill Entertainment
Biomutant,Action role-playing,Experiment 101,THQ Nordic
Black Desert Online,Massively multiplayer online role-playing game,Pearl Abyss,Pearl Abyss
Black the Fall,Puzzle-platform,Sand Sailor Studio,Square Enix
Blackguards 2,Turn-based tactical role-playing,Daedalic Entertainment,Kalypso Media
Blackwood Crossing,Adventure,PaperSeven,Vision Games Publishing
Blair Witch,Horror,Bloober Team,Bloober Team
Blaster Master Zero,Platform,Inti Creates,Inti Creates
Blaster Master Zero 2,Platform,Inti Creates,Inti Creates
BlazBlue Chrono Phantasma Extend,Fighting,Arc System Works,JP: Arc System WorksWW: Aksys Games
Bloons TD 5,Strategypuzzle,Ninja Kiwi,Ninja Kiwi
Blues and Bullets,Action-adventure,A Crowd of Monsters,A Crowd of Monsters
Bokosuka Wars II,Strategy,Pygmy Studio,Pygmy Studio
Book of Demons,Action role-playinghack and slash,Thing Trunk,Thing Trunk
The Book of Unwritten Tales 2,Adventure,King Art,Nordic Games
Borderlands 3,Action role-playingfirst-person shooter,Gearbox Software,2K Games
Boy and His Blob,"Platform, puzzle",Abstraction Games,Majesco Entertainment
Bus Simulator 18,Simulation,Stillalive Studios,Astragon
Bus Simulator 21,Simulation,Stillalive Studios,Astragon
Bush Hockey League,Sports,V7 Entertainment,V7 Entertainment
Call of Duty Advanced Warfare,First-person shooter,Sledgehammer Games,Activision
Call of Duty Black Ops III,First-person shooter,Treyarch,Activision
Call of Duty Black Ops IIII,First-person shooter,Treyarch,Activision
Call of Duty Black Ops Cold War,First-person shooter,TreyarchRaven Software,Activision
Call of Duty Ghosts,First-person shooter,Infinity Ward,JP: Square EnixWW: Activision
Call of Duty Infinite Warfare,First-person shooter,Infinity Ward,Activision
Call of Duty Modern Warfare Remastered,First-person shooter,Infinity Ward,Activision
Call of Duty Vanguard,First-person shooter,Sledgehammer Games,Activision
Call of Duty Warzone,First-person shooter,Infinity WardRaven Software,Activision
Call of Duty WWII,First-person shooter,Sledgehammer GamesRaven Software,Activision
Car Mechanic Simulator 2018,Simulation,PlayWay,Red Dot Games
Casey Powell Lacrosse 16,Sports,Big Ant Studios,Big Ant Studios
Contra Anniversary Collection,Classics collection,Konami,Konami
Crash Bandicoot 4,Platform,Toys for Bob,Activision
Cricket 19,Sports,Big Ant Studios,Big Ant Studios
Cricket 22,Sports,Big Ant Studios,Nacon
Crimson Dragon,Rail shooter,Grounding,Xbox Game Studios
Cris Tales,Japanese role-playing,Dreams UncorporatedSYCK,Modus Games
CrossCode,Action role-playing,Radical Fish Games,Deck13
CrossfireX,First-person shooter,Smilegate,Xbox Game Studios
Dakar 18,Racing,Bigmoon Entertainment,Deep Silver
Dark Souls Remastered,"Action role-playing, hack and slash",From Software,Bandai Namco Entertainment
Dark Souls III,"Action role-playing, hack and slash",From Software,Bandai Namco Entertainment
Darkest Dungeon,Turn-based strategy,Red Hook Studios,Red Hook Studios
Darkwood,Survival horror,Acid Wizard Studio,Crunching Koalas
De Blob,"Platform, Puzzle",BlitWorks,THQ Nordic
De Blob 2,"Platform, Puzzle",BlitWorks,THQ Nordic
Dead by Daylight,Asymmetrical multiplayer horror,Behavior Interactive,Starbreeze Studios
Dead Effect 2,Shooter,BadFly Interactive,BadFly Interactive
Dead or Alive 5,Fighting,Team Ninja,Koei Tecmo
Dead or Alive 6,Fighting,Koei Tecmo,Koei Tecmo
Dead Rising 2,Survival horror,Capcom,Capcom
Dead Rising 3,Survival horror,Capcom Vancouver,Xbox Game Studios
Death Squared,Puzzle,SMG Studios,SMG Studios
Devil May Cry 4,Hack and slashaction,Capcom,Capcom
Devil May Cry 5,Hack and slashaction,Capcom,Capcom
Diablo II,"Action role-playing, hack and slash",Vicarious Visions,Blizzard Entertainment
Diablo III,"Action role-playing, dungeon crawl, hack and slash",Blizzard Entertainment,Blizzard Entertainment
Digimon Survive,Visual novelRole-playing,Witchcraft,Bandai Namco Entertainment
Dirt 4,Racing,Codemasters,Codemasters
Dirt 5,Racing,Codemasters,Codemasters
Dirt Rally,Racing,Codemasters,Codemasters
Dirt Rally 2.0,Racing,Codemasters,Codemasters
Disney Infinity Marvel Super Heroes,Action-adventure,Avalanche Software,Disney Interactive Studios
Disney Infinity 3.0,Action-adventure,Avalanche Software,Disney Interactive Studios
Disneyland Adventures Remastered,"Open World, Adventure",Asobo Studio,Xbox Game Studios
Don Bradman Cricket 14,Sports,Big Ant Studios,Home Entertainment Suppliers
Donut County,Physics puzzler,Ben Esposito,Annapurna Interactive
Doug Flutie's Maximum Football 2019,Sports,Canuck Play,Canuck Play
Dragon Ball FighterZ,Fighting,Arc System Works,Bandai Namco Entertainment
Dragon Ball Xenoverse,Fighting,Dimps,Bandai Namco Entertainment
Dragon Ball Xenoverse 2,Fighting,Dimps,Bandai Namco Entertainment
Dragon Ball Z Kakarot,Action role-playing,CyberConnect2,Bandai Namco Entertainment
Dragon Quest Builders 2,Action role-playing,Square Enix,Square Enix
Drive On Moscow,Strategy,Shenandoah Studio,Slitherine Software
Dungeon of the Endless,Adventure,Amplitude Studios,Amplitude Studios
Dungeons 3,"Strategy, simulation",Realmforge Studios,Kalypso Media
Dying Light,Action role-playingsurvival horror,Techland,Warner Bros. Interactive Entertainment
Dying Light 2,Action role-playingsurvival horror,Techland,Square Enix
EA Sports UFC,"Fighting, Sports",EA Canada,EA Sports
EA Sports UFC 2,"Fighting, Sports",EA Canada,EA Sports
EA Sports UFC 3,"Fighting, Sports",EA Canada,EA Sports
EA Sports UFC 4,"Fighting, Sports",EA Canada,EA Sports
Earth Atlantis,Shoot 'em up,Pixel Perfex,Headup Games
Eastshade,Adventure,Eastshade Studios,Eastshade Studios
eFootball Pro Evolution Soccer 2020,Sports,Konami,Konami
Elden Ring,Action role-playing,FromSoftware,Bandai Namco Entertainment
The Elder Scrolls Online,Massively multiplayer online role-playing,ZeniMax Online Studios,Bethesda Softworks
Electronic Super Joy,Platformer,Loot Interactive,Michael Todd Games
Elite Dangerous,Space trading and combat,Frontier Developments,Frontier Developments
Elliot Quest,"Platform-adventure, Metroidvania",Ansimuz Games,Ansimuz Games
Emily Wants to Play,Survival horror,Shawn Hitchcock,SKH Apps
Enter the Gungeon,"Roguelike, shoot 'em up",Dodge Roll,Devolver Digital
The Escapists,Action,Mouldy Toof Studios,Team17
The Escapists 2,Action,Mouldy Toof Studios,Team17
Everspace,Shooter,Rockfish Games,Rockfish Games
Evil Genius 2 World Domination,Real-time strategysimulation,Rebellion Developments,Rebellion Developments
The Evil Within,Survival horror,Tango Gameworks,Bethesda Softworks
The Evil Within 2,Survival horror,Tango Gameworks,Bethesda Softworks
Evoland Legendary Edition,Role-playing,Shiro Games,Shiro Games
The Falconeer,Simulation,Tomas Sala,Wired Productions
Fall Guys Ultimate Knockout,Battle royale,Mediatonic,Devolver Digital
Fallout 4,Action role-playing,Bethesda Game Studios,Bethesda Softworks
Fallout 76,Action role-playing,Bethesda Game Studios,Bethesda Softworks
Far Cry 3 Classic,First-person shooteropen world,Ubisoft,Ubisoft
Far Cry 4,First-person shooteropen world,Ubisoft Montreal,Ubisoft
Far Cry 5,First-person shooteropen world,Ubisoft Montreal,Ubisoft
Far Cry 6,First-person shooter,Ubisoft Toronto,Ubisoft
Far Cry Primal,Actionadventureopen world,Ubisoft Montreal,Ubisoft
Farming Simulator 15,Strategy & Simulation,Giants Software,Focus Home Interactive
Fear Effect Reinvented,Action-adventure,Sushee,Square Enix Collective
Fear Effect Sedna,"Role-playing, third-person shooter",Forever Entertainment,Square Enix Collective
Felix the Reaper,Puzzle,Kong Orange,Daedalic Entertainment
FIFA 14,Sports,EA Canada,Electronic Arts
FIFA 15,Sports,EA Canada,Electronic Arts
FIFA 16,Sports,EA Canada,Electronic Arts
FIFA 19,Sports,EA Canada,Electronic Arts
FIFA 21,Sports,EA Canada,Electronic Arts
FIFA 22,Sports,EA Canada,Electronic Arts
Final Fantasy Type-0 HD,Action role-playing,Square Enix,Square Enix
The Final Station,"Action & Adventure, Platformer",Do My Best,TinyBuild
Firewatch,"Adventure, walking simulator",Campo Santo,Campo Santo
The Flame in the Flood,Survival roguelite,The Molasses Flood,The Molasses Flood
Football Manager 2021,Sports,Sports Interactive,Sega
Football Manager 2022,Sports,Sports Interactive,Sega
Forza Horizon 2,Racing,Playground Games,Xbox Game Studios
Forza Horizon 3,Racing,Playground Games,Xbox Game Studios
Forza Horizon 4,Racing,Playground Games,Xbox Game Studios
Forza Horizon 5,Racing,Playground Games,Xbox Game Studios
Forza Motorsport 5,Sim racing,Turn 10 Studios,Xbox Game Studios
Forza Motorsport 6,Sim racing,Turn 10 Studios,Xbox Game Studios
Forza Motorsport 7,Sim racing,Turn 10 Studios,Xbox Game Studios
Freedom Finger,Shoot 'em up,Wide Right Interactive,Wide Right Interactive
Frostpunk,City-buildingsurvival,11 Bit Studios,11 Bit Studios
Full Metal Furies,Platform,Cellar Door Games,Cellar Door Games
Furi,Action,The Game Bakers,The Game Bakers
Gang Beasts,"Party game, Fighting",Boneloaf,Double Fine Productions
The Gardens Between,Adventure,The Voxel Agents,The Voxel Agents
Gas Guzzlers Extreme,Racing,Gamepires,Iceberg Interactive
Gato Roboto,"Action & Adventure, metroidvania",Doinksoft,Devolver Digital
Gears 5,Third-person shooter,The Coalition,Xbox Game Studios
Gears Tactics,Turn-based tactics,The CoalitionSplash Damage,Xbox Game Studios
Gears of War 4,Third-person shooter,The Coalition,Xbox Game Studios
Gears of War: Ultimate Edition,Third-person shooter,The Coalition,Xbox Game Studios
Geometry Wars 3 Dimensions,Action-adventure,Lucid Games,Sierra Entertainment
Ghost of a Tale,Stealth adventure,Seith CG,Seith CG
Ghosts 'n Goblins Resurrection,Platform,Capcom,Capcom
Ghostrunner,Actionplatform,One More Level,All in! Games505 Games
Goat Simulator,Simulation,Coffee Stain Studios,Double Eleven
Gods Remastered,Action,Robot RiotThe Bitmap Brothers,Robot Riot
Gone Home,Action & Adventure,The Fullbright Company,Midnight City
Goodbye Deponia,Point-and-click adventure,Daedalic Entertainment,Daedalic Entertainment
Grand Theft Auto The Trilogy The Definitive Edition,Action-adventure,Grove Street Games,Rockstar Games
Grand Theft Auto V,"Action-adventure, open world",Rockstar North,Rockstar Games
Graveyard Keeper,"Adventure, Role-playing",Lazy Bear Games,Lazy Bear Games
GreedFall,Action role-playing,Spiders,Focus Home Interactive
Gunvolt Chronicles Luminous Avenger iX,"Side-scrolling action, run 'n gun",Inti Creates,Inti Creates
Halo The Master Chief Collection,First-person shooter,343 Industries,Xbox Game Studios
Halo Spartan Assault,Top-down shooter,343 IndustriesVanguard Games,Xbox Game Studios
Halo 5 Guardians,First-person shooter,343 Industries,Microsoft Studios
Halo Infinite,First-person shooter,343 Industries,Xbox Game Studios
Halo Wars 2,Real-time Strategy,Creative Assembly,Xbox Game Studios
Hand of Fate 2,Action-adventurerole-playing,Defiant Development,Defiant Development
Hard Reset Redux,Shooter,Flying Wild Hog,Gambitious Digital Entertainment
Hardspace Shipbreaker,Simulation,Blackbird Interactive,Focus Home Interactive
Has-Been Heroes,"Action, Strategy",Frozenbyte,GameTrust
A Hat in Time,Platform,Gears for Breakfast,Humble Bundle
Headlander,"Platformer, Metroidvania",Double Fine Productions,Adult Swim Games
Hello Neighbor,"Stealth, Survival Horror",Dynamic Pixels,TinyBuild
Hellpoint,Action role-playing,Cradle Games,TinyBuild
Her Majesty's Spiffing,Adventure,Billy Goat Entertainment,Billy Goat Entertainment
Hogwarts Legacy,Action-role playing,Avalanche Software,Portkey Games
Homefront The Revolution,Shooter,Dambuster Studios,Deep Silver
Horizon Chase Turbo,Racing,Aquiris Game Studio,Aquiris Game Studio
Hotel Transylvania 3 Monsters Overboard,Adventure,Torus Games,Outright Games
Hotline Miami Collection,Shooter,Dennaton Games,Devolver Digital
Hot Wheels Unleashed,Racing,Milestone,Milestone
House Flipper,Simulation,Frozen District,Frozen District
Human Fall Flat,Puzzle platformer,Tomas Sakalauskas,Curve Digital
Hyper Light Drifter,Action-adventurerole-playing,Heart Machine,Heart Machine
Hyper Void,Shooter,Framez Technology,Framez Technology
HyperParasite,Twin-stick shooter,Troglobytes Games,Hound Picked Games
I Am Bread,Puzzle,Bossa Studios,Bossa Studios
I Am Dead,Adventure,Hollow Ponds,Annapurna Interactive
Ikenfell,Tactical role-playing,Happy Ray Games,Humble Games
Industry Giant II,Simulation,JoWooD Entertainment,UIG Entertainment
Injustice 2,Fighting,NetherRealm Studios,Warner Bros. Interactive Entertainment
Iron Harvest,Real-time strategy,King Art Games,Deep Silver
Ironcast,Strategy,Dreadbit,Ripstone
Ittle Dew 2,Action-adventure,Ludosity,Nicalis
The Jackbox Party Pack,Partytrivia,Jackbox Games,Jackbox Games
Jet Car Stunts,Racing,Grip Digital,Grip Digital
Joe Dever's Lone Wolf,Role-playing,Forge Reply,505 Games
John Wick Hex,Actionstrategy,Bithell Games,Good Shepherd Entertainment
The Journey Down,Point & Click Adventure,Skygoblin,BlitWorks
Journey to the Savage Planet,Action-adventure,Typhoon Studios,505 Games
Jump Force,Fighting,Spike Chunsoft,Bandai Namco Entertainment
JumpJet Rex,Action & Adventure,TreeFortress Games,Loot Interactive
Jurassic World Evolution,Business simulation,Frontier Developments,Frontier Developments
Just Cause 3,Third-person shooteraction-adventureopen world,Avalanche Studios,Square Enix
Just Cause 4,Action-adventure,Avalanche Studios,Square Enix
Just Dance 2014,Rhythm,Ubisoft Milan,Ubisoft
Just Dance 2015,Rhythm,Ubisoft Paris,Ubisoft
Just Dance 2016,Rhythm,Ubisoft Paris,Ubisoft
Just Dance 2017,Rhythm,Ubisoft Paris,Ubisoft
Just Dance 2018,Rhythm,Ubisoft Paris,Ubisoft
Just Dance 2019,Rhythm,Ubisoft Paris,Ubisoft
Just Dance 2020,Rhythm,Ubisoft Paris,Ubisoft
Just Dance 2021,Rhythm,Ubisoft Paris,Ubisoft
Just Dance 2022,Rhythm,Ubisoft Paris,Ubisoft
Just Dance Disney Party 2,Rhythm,Ubisoft Paris,Ubisoft
Jydge,Shooter,10tons,10tons
Kamiko,Action-adventure,SkipmoreEsquadra,Flyhigh Works
Kentucky Route Zero,Adventure,Cardboard Computer,Annapurna Interactive
Keep Talking and Nobody Explodes,"Co-op puzzle, Party",Steel Crate,Steel Crate
Kerbal Space Program,"Space flight simulator, sandbox",SquadFlying Tiger,Private Division
Kick & Fennick,"Action & Adventure, Platformer",Abstraction Games,Abstraction Games
KickBeat Special Edition,"Music, rhythm",Zen Studios,Zen Studios
Killer Queen Black,Platformer,Liquid Bit,Liquid Bit
Killing Floor 2,First-person shooter,Tripwire Interactive,Iceberg Interactive
The King's Bird,Action,Serenity Forge,Graffiti Games
King's Bounty II,Tactical role-playing,1C Entertainment,Prime Matter
King's Quest,Action & Adventure,The Odd Gentlemen,Sierra Entertainment
Kingdom Come Deliverance,Action role-playingOpen world,Warhorse Studios,Deep Silver
Kingdom Hearts III,Action role-playing,Square Enix,Square Enix
Kingdom Hearts Melody of Memory,Action role-playing,Square Enix,Square Enix
Knockout City,Sports,Velan Studios,Electronic Arts
Krinkle Krusher,Action & Adventure,Ilusis Interactive Graphics,Ilusis Interactive Graphics
Kung Fu Panda Showdown of Legendary Legends,Fighting,Vicious Cycle Software,Little Orbit
Kunio-kun The World Classics Collection,Various,Arc System Works,Arc System Works
La-Mulana,Platformmetroidvania,Nigoro,Nippon Ichi Software
Lara Croft and the Temple of Osiris,Platformeraction,Crystal Dynamics,Square Enix
Laser League,Sports,Roll7,505 Games
Laserlife,Shooter,Choice Provisions,Choice Provisions
The Last Campfire,"Adventure, puzzle",Hello Games,Hello Games
The Last Door,Horroradventure,Game Kitchen,Plug In Digital
Late Shift,"FMV, Adventure",CtrlMovies,Wales Interactive
Layers of Fear,Horror,Bloober Team,Bloober Team
Legendary Eleven,Sports,Eclipse Games,Eclipse Games
Lego Batman 3 Beyond Gotham,Action-adventure,TT Games,Warner Bros. Interactive Entertainment
Lego City Undercover,Action-adventure,TT Games,Warner Bros. Interactive Entertainment
Lego DC Super-Villains,Action-adventure,TT Games,Warner Bros. Interactive Entertainment
Lego Jurassic World,Action-adventure,TT Games,Warner Bros. Interactive Entertainment
Lego Marvel Super Heroes,Action-adventure,TT Games,Warner Bros. Interactive Entertainment
Lego Marvel's Avengers,Action-adventure,TT Games,Warner Bros. Interactive Entertainment
Lego Movie Videogame,Action-adventure,TT Games,Warner Bros. Interactive Entertainment
Lego Movie Videogame 2,Action-adventure,TT Games,Warner Bros. Interactive Entertainment
Lego Ninjago Movie Video Game,Action-adventure,TT Games,Warner Bros. Interactive Entertainment
Lego Star Wars The Force Awakens,Action-adventure,TT Games,Warner Bros. Interactive Entertainment
Lego Star Wars The Skywalker Saga,Action-adventure,TT Games,Warner Bros. Interactive Entertainment
Lego The Incredibles,Action-adventure,TT Games,Warner Bros. Interactive Entertainment
Lego Worlds,Action-adventure,TT Games,Warner Bros. Interactive Entertainment
Legrand Legacy Tale of the Fatebounds,Role-playing,Semisoft,Another Indie
Leisure Suit Larry: Wet Dreams Don't Dry,Adventure,CrazyBunch,Assemble Entertainment
Leisure Suit Larry: Wet Dreams Dry Twice,Adventure,CrazyBunch,Assemble Entertainment
Leo's Fortune,Action-adventure,Tilting Point,1337 & Senri
Lethal League,Fighting,Team Reptile,Team Reptile
Let's Sing Country,Music,Voxler,Deep Silver
Lichdom Battlemage,Action & Adventure,Xaviant,Maximum Games
Lifeless Planet Premier Edition,Action-adventure,Stage 2 Studios,Stage 2 Studios
The Little Acre,Point & Click Adventure,Pewter Games Studios,Pewter Games Studios
Little Nightmares,Puzzle-platformer,Tarsier Studios,Bandai Namco Entertainment
Little Nightmares II,Action-adventure,Tarsier Studios,Bandai Namco Entertainment
Little Town Hero,Role-playing,Game Freak,Game Freak
Little Misfortune,Adventure,Killmonday Games,Killmonday Games
Lock's Quest,Strategy,Digital Continue,THQ Nordic
LocoCycle,"Racing, Vehicular combat",Twisted Pixel Games,Xbox Game Studios
Lonely Mountains Downhill,"Sports, Racing",Megagon Industries,Thunderfall Publishing
The Long Dark,Survival,Hinterland Studio,Hinterland Studio
Lords of the Fallen,Action role-playing,Deck13,City Interactive
Lost in Random,Action-adventure,Zoink,Electronic Arts
Lost Judgment,Action-adventure,Ryu Ga Gotoku Studio,Sega
Lovely Planet,Shooter,OuickTequila,TinyBuild
Lovers in a Dangerous Spacetime,"2D platform, shooter",Asteroid Base,Asteroid Base
Lumines Remastered,Puzzle,Resonair,Enhance Games
Machinarium,Adventure,Amanita Design,Amanita Design
Madden NFL 15,Sports,EA Tiburon,Electronic Arts
Madden NFL 16,Sports,EA Tiburon,Electronic Arts
Madden NFL 17,Sports,EA Tiburon,Electronic Arts
Madden NFL 19,Sports,EA Tiburon,Electronic Arts
Madden NFL 21,Sports,EA Tiburon,Electronic Arts
Madden NFL 22,Sports,EA Tiburon,Electronic Arts
Madden NFL 25,Sports,EA Tiburon,Electronic Arts
Mafia III,Action-adventureshooter,Hangar 13,2K Games
Manual Samuel,Adventure,Perfectly Paranormal,Curve Digital
Mark of the Ninja,Stealthaction,Klei Entertainment,Klei Entertainment
Marvel Puzzle Quest Dark Reign,Puzzle,WayForward Technologies,D3 Publisher
Marvel Ultimate Alliance,Action role-playing,Vicarious Visions,Activision
Marvel Ultimate Alliance 2,Action role-playing,Vicarious Visions,Activision
Marvel vs Capcom Infinite,Fighting,Capcom,Capcom
Massive Chalice,Turn-based tacticsreal-time strategy,Double Fine Productions,Double Fine Productions
Masters of Anima,Adventure,Passtech Games,Focus Home Interactive
Mega Man 11,Platformer,Capcom,Capcom
Mega Man X Collection,Platformer,Capcom,Capcom
Mega Man Zero ZX Legacy Collection,Actionplatformer,Capcom,Capcom
Megaton Rainfall,Action,Pentadimensional Games,Pentadimensional Games
Mercenary Kings,Action,Tribute Games,Tribute Games
Metal Gear Solid V Ground Zeroes,Action-adventurestealth,Kojima Productions,Konami
Metal Gear Solid V The Phantom Pain,Action-adventurestealth,Kojima Productions,Konami
Metal Gear Survive,Survival,Konami,Konami
Metal Wolf Chaos XD,Third-person shooter,FromSoftwareGeneral Arcade,Devolver Digital
Minecraft,Sandbox,Mojang,Xbox Game Studios
Minecraft Dungeons,Dungeon crawler,Mojang,Xbox Game Studios
Minecraft Story Mode,Graphic adventure,Telltale GamesMojang,Telltale Games
Mirror's Edge Catalyst,Action-adventureplatform,EA Digital Illusions CE,Electronic Arts
MLB The Show 21,Sports,San Diego Studio,Sony Interactive Entertainment
MLB The Show 22,Sports,San Diego Studio,Sony Interactive Entertainment
Monster Energy Supercross,Racing,Milestone srl,NA: Square EnixEU: Milestone srl
Monster Hunter World,Action role-playing,Capcom,Capcom
Mortal Kombat 11,Fighting,NetherRealm Studios,Warner Bros. Interactive Entertainment
Mortal Kombat X,Fighting,NetherRealm Studios,Warner Bros. Interactive Entertainment
Mount & Blade: Warband,Action role-playing,TaleWorlds Entertainment,TaleWorlds Entertainment
The Mummy Demastered,Adventure,WayForward Technologies,WayForward Technologies
Mutant Football League,"Action, Sports",Digital Dreams Entertainment,Digital Dreams Entertainment
Mutant Year Zero Road to Eden,"Strategy, Turn-based tactics",The Bearded Ladies,Funcom
Naruto Ultimate Ninja Storm,Fighting,CyberConnect2,Bandai Namco Entertainment
Naruto Shippuden Ultimate Ninja Storm 2,Fighting,CyberConnect2,Bandai Namco Entertainment
Naruto Shippuden Ultimate Ninja Storm 3,Fighting,CyberConnect2,Bandai Namco Entertainment
Naruto Shippuden Ultimate Ninja Storm 4,Fighting,CyberConnect2,Bandai Namco Entertainment
NASCAR Heat Evolution,"Racing, sports",Monster Games,704Games
NASCAR Heat 2,"Racing, sports",Monster Games,704Games
NASCAR Heat 3,"Racing, sports",Monster Games,704Games
NASCAR Heat 4,"Racing, sports",Monster Games,704Games
NBA 2K14,Sports,Visual Concepts,2K Sports
NBA 2K16,Sports,Visual Concepts,2K Sports
NBA 2K17,Sports,Visual Concepts,2K Sports
NBA 2K18,Sports,Visual Concepts,2K Sports
NBA 2K19,Sports,Visual Concepts,2K Sports
NBA 2K20,Sports,Visual Concepts,2K Sports
NBA 2K21,Sports,Visual Concepts,2K Sports
NBA 2K22,Sports,Visual Concepts,2K Sports
NBA Live 14,Sports,EA Tiburon,Electronic Arts
NBA Live 15,Sports,EA Tiburon,Electronic Arts
NBA Live 16,Sports,EA Tiburon,Electronic Arts
NBA Live 18,Sports,EA Tiburon,Electronic Arts
NBA Live 19,Sports,EA Tiburon,Electronic Arts
Need for Speed Heat,Racing,Ghost Games,Electronic Arts
Need for Speed Hot Pursuit Remastered,Racing,Criterion Games,Electronic Arts
Need for Speed Payback,Racing,Ghost Games,Electronic Arts
Need for Speed Rivals,Racing,Ghost Games,Electronic Arts
NHL 15,Sports,EA Canada,Electronic Arts
NHL 16,Sports,EA Canada,Electronic Arts
NHL 17,Sports,EA Canada,Electronic Arts
NHL 18,Sports,EA Canada,Electronic Arts
NHL 19,Sports,EA Vancouver,Electronic Arts
NHL 20,Sports,EA Vancouver,Electronic Arts
NHL 21,Sports,EA Vancouver,Electronic Arts
NHL 22,Sports,EA Canada,Electronic Arts
Nickelodeon All-Star Brawl,Fighting,Fair Play LabsLudosity,NA: GameMill EntertainmentEU: Maximum Games
Nidhogg 2,Fighting,Messhof,Messhof
Nier Automata,"Action role-playing, hack and slash",PlatinumGames,Square Enix
Night in the Woods,Adventure,Infinite Fall,Finji
Nine Parchments,Action,Frozenbyte,Frozenbyte
No Man's Sky,"Action-adventure, survival",Hello Games,505 Games
No Straight Roads,Action-adventure,Metronomik,Sold Out
Oceanhorn Monster of Uncharted Seas,Adventure,Cornfox & Bros.Engine Software,FDG Entertainment
Octopath Traveler,Role-playing,"Square Enix, Acquire",Square Enix
Odallus The Dark Call,"Side scrolling action, Retro",Joymasher,Digerati
Old Man's Journey,Adventure,Broken Rules,Broken Rules
OlliOlli,Skateboarding,Carbon,Curve Digital
OlliOlli2 Welcome to Olliwood,Skateboarding,Roll7,Team17
Olija,Action-adventure,Skeleton Crew Studio,Devolver Digital
Olympic Games Tokyo 2020 - The Official Video Game,Sports,Sega,Sega
Omensight,Action murder mystery,"Spearhead Games, Nephilim Game Studios",Digerati
OMORI,Role-playing,OMOCAT,Playism
One Finger Death Punch 2,"Fighting, action",Silver Dollar Games,Silver Dollar Games
One Piece Burning Blood,Fighting,Spike Chunsoft,Bandai Namco Entertainment
One-Punch Man A Hero Nobody Knows,Fighting,Spike Chunsoft,Bandai Namco
Oniken,"Retro, side-scrolling action",Joymasher,Digerati
Onrush,Racing,Codemasters,Codemasters
Ori and the Blind Forest,Metroidvania,Moon Studios,Xbox Game Studios
Ori and the Will of the Wisps,Metroidvania,Moon Studios,Xbox Game Studios
Osiris New Dawn,"Action, adventure, role-playing, massive multiplayer",Fenix Fire Entertainment,Reverb Triple XP
Our World is Ended,Visual novel,Red Entertainment,PQube
Outcast,Action Adventure,Appeal Studio,Bigben Interactive
Outer Wilds,First person adventure,Mobius Digital,Annapurna Interactive
The Outer Worlds,Action role-playing,Obsidian Entertainment,Private Division
Outlast,Survival horror,Red Barrels Studio,Red Barrels Studio
Outlast 2,Survival horror,Red Barrels Studio,Red Barrels Studio
Outward,Role-playing survival,Deep Silver,Nine Dots Studio
Overkill's The Walking Dead,First-person shooter,Overkill Software,505 Games
Owlboy,Platform-adventure,D-Pad Studio,D-Pad Studio
Pac-Man 256,Arcade,Hipster Whale3 Sprockets,Bandai Namco Entertainment
Pac-Man Championship Edition 2,Arcade,Bandai Namco Entertainment,Bandai Namco Entertainment
Panzer Dragoon Remake,Rail shooter,MegaPixel Studio,Forever Entertainment
Party Golf,"Sports, party game",Giant Margarita,Giant Margarita
PC Building Simulator,Simulation,The Irregular Corporation,The Irregular Corporation
Peggle 2,Puzzle,PopCap Games,Electronic Arts
Phantom Doctrine,"Strategy, turn-based tactics",CreativeForge Games,Good Shepherd Entertainment
Phoenix Point,Turn-based tactics,Snapshot Games,Snapshot Games
Pier Solar and the Great Architects,Role-playing,WaterMelon Games,WaterMelon Games
Pikuniku,Platformer,Sectordub,Devolver Digital
Pix the Cat,Puzzle,Pasta Games,Neko Entertainment
Planet Coaster Console Edition,Construction and management simulation,Frontier Developments,Frontier Developments
Planet of the Apes Last Frontier,Adventure,The Imaginati Studios,The Imaginarium
Planetbase,Turn-based strategy,Madruga Works,Madruga Works
Plants vs. Zombies Battle for Neighborville,Third-person shooter,PopCap Games,Electronic Arts
Plants vs. Zombies Garden Warfare,Tower defensethird-person shooter,PopCap Games,Electronic Arts
Plants vs. Zombies Garden Warfare 2,Tower defensethird-person shooter,PopCap Games,Electronic Arts
PlayerUnknown's Battlegrounds,Battle royale,Bluehole,Xbox Game Studios
Prince of Persia The Sands of Time Remake,Action-adventurehack and slash,Ubisoft PuneUbisoft Munbai,Ubisoft
Prison Architect,Simulation,Introversion Software,Double Eleven
Project Cars,Sim racing,Slightly Mad Studios,Bandai Namco Entertainment
Project Cars 2,Sim racing,Slightly Mad Studios,Bandai Namco Entertainment
Project Cars 3,Sim racing,Slightly Mad Studios,Bandai Namco Entertainment
Project Highrise Architect's Edition,Simulationstrategy,Somasim,Kalypso Media
Quantum Break,Third-person shooter,Remedy Entertainment,Xbox Game Studios
QUBE Director's Cut,Puzzle,Toxic Games,Toxic Games
RBI Baseball 14,Sports,MLB.com,MLB.com
Race With Ryan,Kart racing,3D Clouds,Outright Games
Rage 2,First-person shooter,Avalanche Studiosid Software,Bethesda Softworks
Rage of the Dragons,Fighting,QUByte Entertainment,QUByte Entertainment
Raid: World War II,Shooter,Lion Game Lion,Starbreeze Studios
Raiden V,Shoot 'em up,Moss,Moss
Railway Empire,Simulation,Gaming Minds Studios,Kalypso Media
Rare Replay,Compilation,Rare,Xbox Game Studios
The Raven Remastered,Adventure,King Art,THQ Nordic
Rayman Legends,Platform,Ubisoft Montpellier,Ubisoft
Red Dead Redemption 2,Action-adventure,Rockstar Games,Take-Two Interactive
Resident Evil HD Remaster,Survival horror,Capcom,Capcom
Resident Evil 0,Survival horror,Capcom,Capcom
Resident Evil 6,Survival horror,Capcom,Capcom
Resident Evil 7 Biohazard,Survival horror,Capcom,Capcom
Resident Evil Revelations,Survival horror,Capcom,Capcom
Resident Evil Revelations 2,Survival horror,Capcom,Capcom
Resident Evil Village,Survival horror,Capcom,Capcom
RetroMania Wrestling,Sports,RetroMania Studios,RetroMania Studios
Return of the Obra Dinn,Puzzle adventure,Lucas Pope,3909
Ride 2,Racing,Milestone srl,Bandai Namco Entertainment
Riders Republic,Sports,Ubisoft Annecy,Ubisoftcd
Road Redemption,Vehicular combat,DarkSeas Games,DarkSeas Games
Rocket League,Sports,Psyonix,Psyonix
Rocksmith 2014,Music,Red Storm Entertainment,Ubisoft
Rogue Legacy,Roguelike action RPG,Cellar Door Games,Cellar Door Games
Rogue Stormers,Run and gun,Black Forest Games,Black Forest Games
Rogue Trooper Redux,Shooter,TickTock Games,Rebellion Developments
Romancing SaGa 2,Role-playing,Square Enix,Square Enix
Romancing SaGa 3,Role-playing,Square Enix,Square Enix
Rory McIlroy PGA Tour,Sports,EA Tiburon,EA Sports
R-Type Final 2,Shoot 'em up,Granzella,JP: GranzellaWW: NIS America
Rugby 15,Sports,HB Studios,Bigben Interactive
Rugby Challenge 3,Sports,Wicked Witch Software,Home Entertainment Suppliers Pty
Rugby League Live 3,Sports,Big Ant Studios,Home Entertainment Suppliers Pty
Ruined King A League of Legends Story,Role-playing,Airship Syndicate,Riot Forge
Runbow,Platformer,13AM Games,13AM Games
Saints Row Gat out of Hell,action-adventure,Voliton,Deep Silver
Saints Row IV Re-Elected,action-adventure,Voliton,Deep Silver
Salt and Sanctuary,Side Scrolling Action-RPG,Ska Studios,Ska Studios
Samurai Jack Battle Through Time,Actionfighting,Soleil Ltd.,Adult Swim Games
Samurai Shodown,Fighting,SNK,SNK
Samurai Warriors 5,Hack and slash,Omega Force,Koei Tecmo Games
Saturday Morning RPG,Role-playing,Mighty Rabbit Studios,Mighty Rabbit Studios
Sayonara Wild Hearts,"Music, racing",Simogo,Annapurna Interactive
Scarlet Nexus,Action role-playing,Bandai Namco,Bandai Namco
Screamride,Puzzle,Frontier Developments,Xbox Game Studios
Screencheat,First-person shooter,Surprise Attack Games,Surprise Attack Games
Scribblenauts Showdown,"Party, Puzzle",Shiver Entertainment,Warner Bros. Interactive Entertainment
Sea of Solitude,Adventure,Jo-Mei Games,Electronic Arts
Sea of Thieves,Action-adventure,Rare,Xbox Game Studios
Seasons After Fall,"Platform, puzzle",Swing Swing Submarine,Focus Home Interactive
Sébastien Loeb Rally Evo,Racing,Milestone srl,Milestone srl
Secret Neighbor,Asymmetric Multiplayer,Hologryph,TinyBuild
Sega Genesis Classics,Multiple,Sega,Sega
Sekiro Shadows Die Twice,Action-adventure,FromSoftware,Activision
Serious Sam 4,First-person shooter,Croteam,Devolver Digital
The Sexy Brutale,Adventurepuzzle,Cavalier Game StudiosTequila Works,Tequila Works
Shadow Complex Remastered,Shooter,Chair EntertainmentHardsuit Labs,Epic Games
Shadow of the Tomb Raider,Action-adventure,Eidos Montreal,Square Enix
Shadow Tactics Blades of the Shogun,Real-time tacticsstealth,Mimimi Productions,Daedalic Entertainment
Shadow Warrior,First-person shooter,Flying Wild Hog,Devolver Digital
Shadow Warrior 2,First-person shooter,Flying Wild Hog,Devolver Digital
Shadow Warrior 3,First-person shooter,Flying Wild Hog,Devolver Digital
Shadowgate,Adventure,Abstraction Games,Abstraction Games
Shadows Awakening,Action role-playing,Games Farm,Kalypso Media
Shantae Half-Genie Hero,Platformadventure,WayForward Technologies,WayForward Technologies
Shantae and the Pirate's Curse,Platformadventure,WayForward Technologies,WayForward Technologies
Shantae and the Seven Sirens,Actionplatformer,WayForward Technologies,WayForward Technologies
Shellshock Live,Artillery,KChamp,KChamp
Shenmue I & II,Action-adventurerole-playing,D3T,Sega
Sherlock Holmes Crimes & Punishments,Adventure,Frogwares,Focus Home Interactive
Sherlock Holmes The Devil's Daughter,Adventure,Frogwares,Bigben Interactive
Shiness The Lightning Kingdom,Role-playing,Enigami,Focus Home Interactive
Shining Resonance Refrain,Role-playing,Media.Vision,Sega
Shovel Knight,"Action & adventure, platformer",Yacht Club Games,Yacht Club Games
The Sims 4,Life simulation,Maxis,Electronic Arts
Sine Mora EX,Shoot 'em up,Digital Reality,THQ Nordic
The Sinking City,"Adventure, horror",Frogwares,Bigben Interactive
Sinner Sacrifice for Redemption,Action role-playing,Dark Star Game Studios,Another Indie
Sky Force Anniversary,Shoot 'em up,Infinite Dreams,Infinite Dreams
Skylanders Imaginators,Platform,Toys For Bob,Activision
Skylanders Swap Force,Platform,Vicarious Visions,Activision
Skylanders SuperChargers,Platform,Vicarious Visions,Activision
Skylanders Trap Team,Platform,Beenox,Activision
Slain Back from Hell,Side-scrolling action,22nd Century Toys,Digerati
Slay the Spire,"Role-playing, Roguelike, Collectible card game",MegaCrit,Humble Bundle
Slime Rancher,Action-adventure,Monomi Park,Monomi Park
The Smurfs: Mission Vileaf,Action-adventure,OSome Studios,Microids
Sniper Elite 3,Tactical shooterstealth,Rebellion Developments,505 Games
Sniper Elite 4,Tactical shooterstealth,Rebellion Developments,Rebellion Developments
Sniper Elite V2 Remastered,Tactical shooterstealth,Rebellion Developments,Rebellion Developments
Sniper Ghost Warrior 3,Tactical shooterstealth,CI Games,CI Games
Sniper Ghost Warrior Contracts,Tactical shooterstealth,CI Games,CI Games
Sniper Ghost Warrior Contracts 2,Tactical shooterstealth,CI Games,CI Games
SNK 40th Anniversary Collection,Retro collection,Digital Eclipse,Other Ocean
Snooker 19,Sports,Lab42,Ripstone
Soda Drinker Pro,Simulator,Snowrunner,Snowrunner
Song of the Deep,Adventure,Insomniac Games,Insomniac GamesGameTrust Games
Songbringer,Action role-playing,Wizard Fu,Double Eleven
Sonic Colors Ultimate,Platformer,Blind Squirrel Games,Sega
Sonic Forces,Platformer,Sonic Team,Sega
Sonic Mania,Platformer,PagodaWest Games / Headcannon,Sega
Soulcalibur VI,Fighting,Project Soul,Namco Bandai Games
The Solus Project,"Survival, Adventure",Teotl Studios,Grip Games
Soul Axiom,"Adventure, Puzzle",Wales Interactive,Wales Interactive
South Park The Fractured but Whole,Role-playing,Ubisoft San Francisco,Ubisoft
South Park The Stick of Truth,Role-playing,Obsidian Entertainment,Ubisoft
Space Engineers,"Sandbox, Simulation",Keen Software House,Keen Software House
SpeedRunners,Platform,DoubleDutch Games,TinyBuild
SpellForce 3 Reforced,Real-time strategyrole-playing,Grimlore Games,THQ Nordic
Spyro Reignited Trilogy,Action & adventure,Toys For Bob,Activision
Star Wars Battlefront,ActionShooter,EA Digital Illusions CE,Electronic ArtsLucasArts
Stardew Valley,"Adventure, Role-playing",Eric Barone,Chucklefish
Starpoint Gemini 2,Space trading and combat gameRole-playing,Little Green Men Games,Little Green Men Games
State of Decay 2,Survival horror,Undead Labs,Xbox Game Studios
State of Mind,Adventure,Daedalic Entertainment,Daedalic Entertainment
The Station,Adventure,The Station Game,The Station Game
Stay,Adventure,Appnormals Team,PQube
"Stay Cool, Kobayashi-san!: A River City Ransom Story",Beat 'em up,Arc System Works,Arc System Works
Stealth Inc. 2: A Game of Clones,"Platform, stealth",Curve Studios,Curve Digital
Steamroll,Arcade-puzzler,Anticto,Anticto
SteamWorld Dig,"Platform, metroidvania",Image & Form,Image & Form
SteamWorld Dig 2,"Platform, metroidvania",Image & Form,Image & Form
Steel Rain X,"Shoot 'em up, strategy, role-playing",Polarity Flow,Polarity Flow
Steel Rats,Action,Tate Multimedia,Tate Multimedia
Steep,Sports,Ubisoft Annecy,Ubisoft
Steins;Gate 0,Visual novel,5pb.,Mages
Stela,Puzzle-platformer,Skybox Labs,Skybox Labs
Stellaris,4X Strategy,"Tantalus Media, Paradox Interactive",Paradox Interactive
Stellatum,Shoot 'em up,Satur Entertainment,Sometimes You
Steredenn,Shoot 'em up,Pixelnest Studio,Plug In Digital
Steven Universe: Save the Light,Role-playing,Grumpyface Studios,Cartoon Network Games
Stick It to the Man!,Platformer,Zoink,Ripstone
Stickbold! A Dodgeball Adventure,Sports,Game Swing,Curve Digital
Sticktype,Platformer,Mike Palotas,Mike Palotas
Stone,Adventure,Convict Games,Convict Games
Stories of Bethem: Full Moon,Action & Adventure,GuGames Development,GuGames Development
Stories: The Path of Destinies,Action role-playing,"Spearhead Games, Nephilim Game Studios",Digerati
Stories Untold,Adventurehorror,No Code,Devolver Digital
Storm Boy,Kids & Family,Blowfish Studios,Blowfish Studios
The Story Goes On,Roguelike Action-RPG,Scarecrow Arts,Kiss Publishing
Story of a Gladiator,"Action, Fighting",Brain Seal,Brain Seal
Straimium Immortaly,Roguelite shoot 'em up,"Antohony Case, Stage Clear Studios",Digerati
Stranded Deep,Survival,Beam Team Games,Beam Team Games
Stranded Sails: Explorers of the Cursed Isles,Survival adventure,Lemonbomb Entertainment,Merge Games
Strange Brigade,Third-person shooter,Rebellion Developments,Rebellion Developments
Stranger of Paradise: Final Fantasy Origin,Action role-playing,Team Ninja,Square Enix
Stranger of Sword City,"Japanese role-playing, dungeon crawler",Experience,Experience
Stranger Things 3: The Game,"Action-adventure, Retro",Bonusxp,Bonusxp
Street Fighter 30th Anniversary Collection,Fighting,Capcom,Capcom
Streets of Rage 4,Beat 'em up,"Lizardcube, Guard Crush Games, Sega",DotEmu
Streets of Rogue,Roguelite ARPG,Matt Dabrowski,TinyBuild
Street Outlaws: The List,Racing,Team6 Game Studios,GameMill Entertainment
Strength of the Sword: Ultimate,Fighting game,Ivent,Ivent
Strider,Action-adventureplatform,Double Helix Games,Capcom
Strike Suit Zero: Director's Cut,Space combat simulator,Born Ready Games,Born Ready Games
Stubbs the Zombie in Rebel Without a Pulse,Action,Wideload Games,Aspyr
Stunt Kite Party,"Action, Party",HandyGames,THQ Nordic
Sturmwind Ex,Shoot 'em up,Duranik,B-alive
Styx: Master of Shadows,"Action-adventure, Stealth",Cyanide Studio,Focus Home Interactive
Styx: Shards of Darkness,"Action-adventure, Stealth",Cyanide Studio,Focus Home Interactive
Subaeria,"Action, roguelite",Illogika,Illogika
SubaraCity,"Puzzle, Casual","Ryuji Kuwaki, Flyhigh Works",Esquadra
Subdivision Infinity DX,Space Combat Simulator,Mistfly Games,Blowfish Studios
Subject 13,Adventure,Koneko,Microids
Sublevel Zero Redux,Shooter,Sigtrap Games,Merge Games
Submerged,"Action & Adventure, Platformer",Uppercut Games,Uppercut Games
Subnautica,"Action & Adventure, Survival",Unknown Worlds / Grip Games,Unknown Worlds Entertainment
Subterrain,"Action & Adventure, Survival",Pixellore,Pixellore
Sudden Strike 4: European Battlefields Edition,Real-time tactics,Kite Games,Kalypso Media
The Sun and Moon,Puzzle,Daniel Linssen,Digerati
Sundered: Eldritch Edition,Roguelite Metroidvania,Thunder Lotus Games,Thunder Lotus Games
Sunset Overdrive,"Open world, Shooter",Insomniac Games,Xbox Game Studios
Sunshine Manor,Horrorrole-playing,Fossil Games,Fossil Games
Super Blackjack Battle II Turbo Edition,"Card, Fighting",Stage Clear Studios,Headup Games
Super Blood Hockey,Sports,"Loren Lemcke, Kittehface Software",Digerati
Super Bomb Rush!,"Puzzle, Strategy",Curvature Systems,Curvature Systems
Super Bomberman R,"Action, maze",Konami Digital Entertainment,Konami
Super Box Land Demake,Puzzle,Lightup,Ratalaika Games
Super Cloudbuilt,"Platform, Parkour",Coilworks,Double Eleven
Super Comboman: Smash Edition,Action,Flashman Games,Flashman Games
Super Destronaut DX,Shoot 'em up,Petite Games,Ratalaika Games
Super Destronaut: Land Wars,Shooter,Petite Games,Ratalaika Games
Super Dodgeball Beats,"Music/Rhythm, Sports",Finalboss Games,Playstack
Super Dungeon Bros,Role-playing,React Games,Wired Productions
Super Hydorah,"Action & Adventure, Shooter",Abylight Studios,Abylight Studios
Super Hyperactive Ninja,Platformer,JanduSoft,JanduSoft
Super Lucky's Tale,Platform,Playful Corp,Xbox Game Studios
Super Meat Boy Forever,Platform,Team Meat,Team Meat
Super Mega Baseball,Sports,Metalhead Software,Metalhead Software
Super Mega Baseball 2,Sports,Metalhead Software,Metalhead Software
Super Mega Baseball 3,Sports,Metalhead Software,Metalhead Software
Super Mega Space Blaster Special Turbo,"Arcade, shoot 'em up",Bare Knuckle Developments,Bare Knuckle Developments
Super Monkey Ball: Banana Blitz,Platform,Sega,Sega
Super Monkey Ball: Banana Mania,Platform,Ryu Ga Gotoku Studio,Sega
Super Mutant Alien Assault,"Shooter, Platformer",Cybernate,Surprise Attack Games
Super Night Riders,Racing,Neko Works,Neko Works
Super Party Sports: Football,Puzzle,HandyGames,HandyGames
Super Pixel Racers,Racing,21c Ducks,H2 InteractivePQube
Super Space Serpent SE,Twin-stick shooter,Petrus Games,Productions Associees
Super Star Blast,"Shoot 'em up, Arcade",EntwicklerX,EntwicklerX
Super Street: The Game,Racing,Team6 Game Studios,Lion Castle
Super Tennis Blast,Sports,Unfinished Pixel,Unfinished Pixel
Super Time Force,Shooterside scroller,Capybara Games,Capybara Games
Super Toy Cars,Racing,Eclipse Games,Eclipse Games
Super Volley Blast,Sports,Unfinished Pixel,Unfinished Pixel
Super Weekend Mode,Arcade,Pixelteriyaki,Ratalaika Games
Super Wiloo Demake,"Platformer, Retro",Lightup,Ratalaika Games
Superbeat: Xonic,"Music, Rhythm",PM Studios,PM Studios
SuperEpic: The Entertainment War,"Action-adventure, Metroidvania",Undercoders,Numskull Games
Superhot,First-person shooter,Superhot Team,Superhot Team
Superhot: Mind Control Delete,First-person shooter,Superhot Team,Superhot Team
Supermarket Shriek,Racing,Billy Goat Entertainment,Billy Goat Entertainment
Supraland,Platformerpuzzleaction,Supra Games,Humble Games
The Surge,Role-playing,Deck13,Focus Home Interactive
The Surge 2,Role-playing,Deck13,Focus Home Interactive
Surviving Mars,"City-building, construction and management simulation",Haemimont Games,Paradox Interactive
Surviving the Aftermath,Simulationcity-building,Iceflake Studios,Paradox Interactive
SwapQuest,"Puzzle, Role-playing",Rebusmind,Rebusmind
The Swapper,Platformerpuzzle,Facepalm Games,Curve Digital
The Swindle,Action & Adventure,Dan Marshall,Curve Digital
Switch or Die Trying,"Puzzle, Platformer",Threye Interactive,Threye Interactive
Sword Art Online: Alicization Lycoris,Role-playing,Aquria,Bandai Namco
Sword Art Online: Fatal Bullet,"Role-playing, Shooter",Dimps,Bandai Namco Entertainment
Sword Coast Legends,Role-playing,n-SpaceDigital Extremes,n-SpaceDigital Extremes
Sword of the Necromancer,Roguelikerole-playing,Grimorio of Games,JanduSoft
Syberia III,Adventure,Anuman Interactive,Microïds
Sylvio,Action & Adventure,Stroboskop,Stroboskop
Symmetry,"Management, Survival",Sleepless Clinic,Imgn Pro
Syndrome,"Survival, Horror",Camel 101,BigMoon Entertainment
Synthetik: Ultimate,Top-down shooter,Flow Fire,Flow Fire
Syrup and the Ultimate Sweet,Visual novel,NomnomNami,Ratalaika Games
System Shock,Action role-playing,Night Dive Studios,Night Dive Studios
Table Top Racing: World Tour,Racing,Playrise Digital,Playrise Digital
Tachyon Project,Shooter,Eclipse Games,Eclipse Games
Tacoma,Adventure,Fullbright,Fullbright
Tactics V: Obsidian Brigade,Tactical role-playing,Nothing Games Studios,Nothing Games Studios
Taimumari: Complete Edition,Platformer,Ternox,Victory Road
Talent Not Included,Platformer,Frima Games Studio,Frima Games Studio
Tales from the Borderlands,Graphic adventure,Telltale Games,Telltale Games
Tales of Arise,Action role-playing,Bandai Namco Games,Bandai Namco Entertainment
Tales of Vesperia: Definitive Edition,Role-playing,Bandai Namco Games,Bandai Namco Entertainment
The Talos Principle,First Person Puzzler,Croteam,Devolver Digital
Tamashii,"Puzzle-platformer, Horror","Vikinator, Stage Clear Studios",Digerati
Tandem: A Tale of Shadows,Puzzleplatform,Monochrome,Hatinh Interactive
Tango Fiesta,Action,Spilt Milk Studios,Merge Games
Tanky Tanks,Arcade,Epixr,Epixr
Taxi Chaos,Racing,Team6 Game Studios,Lion Castle Entertainment
Team Sonic Racing,Racing,Sumo Digital,Sega
Tears of Avia,Turn-based strategy,CooCooSqueaky,PQube
The Technomancer,Role-playing,Spiders,Focus Home Interactive
Teenage Mutant Ninja Turtles: Mutants in Manhattan,Action & Adventure,PlatinumGames,Activision
Tekken 7,Fighting,Bandai Namco Entertainment,Bandai Namco Entertainment
Telling Lies,FMV adventure,Sam Barlow,Annapurna Interactive
Tempest 4000,Shoot 'em up,Llamasoft,Atari
Tennis in the Face,Puzzle,10tons,10tons
Tennis World Tour,Sports,Breakpoint Studio,Bigben Interactive
Tennis World Tour 2,Sports,Big Ant Studios,Nacon
Terraria,Sandbox,Engine Software,505 Games
TerraTech,Vehicular Sandbox,Payload Studios,Payload Studios
Tesla vs Lovecraft,Shoot 'em up,10tons,10tons
Teslagrad,Platformer,Rain Games,Rain Games
Teslapunk,Shooter,klutzGames,klutzGames
Tetraminos,Puzzle,Sanuk Games,Bigben Interactive
Tetra's Escape,Puzzle,ABX Game Studios,Ratalaika Games
Tetris Effect Connected,Puzzle,MonstarsResonair,Enhance Games
Tetris Ultimate,Puzzle,SoMa Play,Ubisoft
Tetrobot and Co.,Puzzle,Swing Swing Submarine,Neko Entertainment
Tetsumo Party,Party game,Monster Couch,Monster Couch
Thea: The Awakening,"Strategy, Simulation",MuHa Games,MuHa Games
TheHunter: Call of the Wild,"Sport, Simulation",Expansive Worlds,Avalanche Studios
They Are Billions,"Strategy, RTS",Numantian Games,BlitWorks
Thief,Stealth,Eidos Montréal,Square Enix
Thief of Thieves: Season One,"Adventure, Stealth",Rival Games,Rival Games
Thief Simulator,"Action, Stealth","Noble Muffins, Console Labs",Playway
Thimbleweed Park,Point & Click Adventure,Ron Gilbert & Gary Winnick,Ron Gilbert & Gary Winnick
Think of the Children,Co-op strategy-sim,Jammed Up Studios,Fellow Traveler
This Is the Police,"Strategy, Management",Weappy Studio,THQ Nordic
This Is the Police 2,"Strategy, Management",Weappy Studio,THQ Nordic
This War of Mine: The Little Ones,Action & Adventure,11 Bit Studios,Deep Silver
Thomas Was Alone,"Puzzle, platform",Curve Digital,Curve Digital
Three Fourths Home: Extended Edition,Visual novel,[bracket] Games,Digerati
Threes,Puzzle,Hidden VariableSirvo,Sirvo
Thronebreaker: The Witcher Tales,Collectible card gamerole playing,CD Projekt,CD Projekt
Throne Quest Deluxe,Action role-playing,Valorware,Valorware
Through the Woods,Horror,Antagonist,1C Company
Thumper,Musicrhythm,Drool,Drool
Thunder Paw,"Action, run & gun",Sergio Poverony,Ratalaika Games
Ticket to Ride,"Strategy, board game",Asmodee Digital,Asmodee Digital
Tiles,Puzzle,Romans I XVI Gaming,Romans I XVI Gaming
Time Carnage,Rail Shooter,Wales Interactive,Wales Interactive
Time Recoil,Shooter,10tons,10tons
Timespinner,"Metroidvania, Action-adventure",Lunar Ray Games,Chucklefish
Tiny Tina's Wonderlands,Action role-playingfirst-person shooter,Gearbox Software,2K
Tiny Troopers: Joint Ops,Shooter,Epiphany Games,Wired Productions
Titan Quest,ActionRole-playing,Black Forest Games,THQ Nordic
Titanfall,First-person shootermecha,Respawn Entertainment,Electronic Arts
Titanfall 2,First-person shootermecha,Respawn Entertainment,Electronic Arts
Toby: The Secret Mine,action-adventureplatform,Lukáš Navrátil Games,Headup Games
ToeJam & Earl: Back in the Groove,Adventure,HumaNature Studios,HumaNature Studios
TOHU,Adventure,Fireart Games,The Irregular Corporation
Toki Juju Densetsu,Platformer,Microids,Microids
Tokyo 42,Action,Smac Games,Mode 7
Tokyo Warfare Turbo,Shooter,Pablo Vidaurre Sanz,Pablo Vidaurre Sanz
Tom Clancy's Ghost Recon Breakpoint,Third-person shooterlooter shooter,Ubisoft Paris,Ubisoft
Tom Clancy's Ghost Recon Wildlands,Third-person shootertactical shooter,Ubisoft Paris,Ubisoft
Tom Clancy's The Division,Third-person shooteraction role-playing,Massive Entertainment,Ubisoft
Tom Clancy's The Division 2,Third-person shooteraction role-playing,Massive Entertainment,Ubisoft
Tom Clancy's Rainbow Six Extraction,First-person shooter,Ubisoft Montreal,Ubisoft
Tom Clancy's Rainbow Six Siege,First-person shooter,"Ubisoft Montreal, Red Storm Entertainment, Ubisoft Toronto",Ubisoft
Tomb Raider: Definitive Edition,Action-adventure,Crystal Dynamics,Square Enix
Tony Hawk's Pro Skater 5,Sports,Robomondo,Activision
Tony Stewart's Sprint Car Racing,Racing,Monster Games,Monster Games
Tools Up!,Party game,The Knights of Unity,All In! Games
Top Run,"Endless runner, action",Katata Games,Fantastico Studio
Torchlight II,Action role-playing,Runic GamesPanic Button,Perfect World Entertainment
Torchlight III,Action role-playing,Echtra Games,Perfect World Entertainment
Torment: Tides of Numenera,Role-playing,inXile Entertainment,Techland Publishing
Toro,Simulator,Reco Technology,Reco Technology
TorqueL: Physics Modified Edition,Platformer,Full Power Side Attack,Full Power Side Attack
Totally Reliable Delivery Service,Action,We’re Five Games,TinyBuild
Toto Temple Deluxe,Platform arena brawler,Juicy Beast Studio,Juicy Beast Studio
Touhou Luna Nights,PlatformMetroidvania,Team Ladybug,Playism
Tour de France 2015,Sports,Cyanide Studio,Focus Home Interactive
Tour de France 2016,Sports,Cyanide Studio,Focus Home Interactive
Tour de France 2017,Sports,Cyanide Studio,Focus Home Interactive
Tour de France 2018,Sports,Cyanide Studio,Focus Home Interactive
Tour de France 2019,Sports,Cyanide Studio,Bigben Interactive
Tour de France 2020,Sports,Cyanide Studio,Nacon
The Touryst,Action-adventure,Shin'en Multimedia,Shin'en Multimedia
The Tower of Beatrice,Puzzle adventure,Fairy Forest,Sometimes You
Tower of Time,Role playing,"Event Horizon, Stage Clear Studios",Digerati
TowerFall Ascension,"Arena combat, platform",Matt Thorson,Matt Makes Games
Tower of Guns,First-person shooter,Terrible Posture Games,Terrible Posture Games
The Town of Light,"Adventure, horror",LKA.it,Wired Productions
Townsmen: A Kingdom Rebuilt,"Strategy, Management",HandyGames,HandyGames
Toy Odyssey,Metroidvania,Hiker Games,Digital Smash
Toy Soldiers HD,Actionstrategy,Signal Studios,Accelerate Games
Toy Soldiers: War Chest,Actionstrategy,Signal Studios,Ubisoft
Trackmania Turbo,Racing,Nadeo,Ubisoft
Tracks: The Train Set Game,"Sandbox, Simulation",Whoop Group,Excalibur Games
Trailblazers,Racing,Supergonk,Rising Star Games
Trailmakers,"Vehicular Sandbox, Simulation",Flashbulb Games,Flashbulb Games
Train Sim World,Simulation,Dovetail Games,Dovetail Games
Train Sim World 2020,Simulation,Dovetail Games,Dovetail Games
Transcripted,Shooter,AlkemiSeaven Studio,Plug In Digital
Transference,Adventure,UbisoftSpectreVision,Ubisoft
Transformers: Battlegrounds,Tactical role-playing,Coatsink,Outright Games
Transformers: Devastation,Actionbeat 'em up,PlatinumGames,Activision
Transformers: Fall of Cybertron,Actionbeat 'em up,High Moon StudiosFunLabs,Activision
Transformers: Rise of the Dark Spark,Action-adventure,Edge of Reality,Activision
Transport Giant: Gold Edition,Strategy,Reactor Games,Toplitz Productions
Treasure Stack,Puzzle,Pixelakes,Pixelakes
Tricky Towers,"Party, puzzle",WeirdBeard,WeirdBeard
Trine 4: The Nightmare Prince,Action-adventure,Frozenbyte,Modus Games
Tron RUN/r,Racing,Sanzaru Games,Disney Interactive
Trover Saves the Universe,Action-adventure,Squanch Games,Squanch Games
Trials Fusion,Racingplatform,RedLynx,Ubisoft
Trials of the Blood Dragon,RacingPlatform,RedLynx,Ubisoft
Trials Rising,RacingPlatform,RedLynx,Ubisoft
Trivial Pursuit Live!,Board game,Longtail Studios,Ubisoft
Troll and I,Action & Adventure,Maximum Games,Maximum Games
Tropico 5,Strategy & Simulation,Haemimont Games,Kalypso Media
Tropico 6,Strategy & Simulation,Limbic Entertainment,Kalypso Media
Truck Driver,Simulation,Triangle Games,Soedesco
Trüberbrook,Adventure,btf,Headup Games
Trulon: The Shadow Engine,role-playing,Kyy Games,Headup Games
TT Isle of Man: Ride on the Edge,Racing,Kylotonn,Bigben Interactive
TT Isle of Man: Ride on the Edge 2,Racing,Kylotonn,Bigben Interactive
Tumblestone,Puzzle,The Quantum Astrophysicists Guild,The Quantum Astrophysicists Guild
Tunche,Beat 'em up,Leap Game Studios,HypeTrain Digital
The Turing Test,"Puzzle, Adventure",Bulkhead Interactive,Square Enix Collective
TurnOn,Platformer,Brainy Studio,Brainy Studio
Turok: Dinosaur Hunter,First-person shooter,Night Dive Studios,Night Dive Studios
Turok 2: Seeds of Evil,First-person shooter,Night Dive Studios,Night Dive Studios
Twelve Minutes,Adventure,Luis Antonio,Annapurna Interactive
TwinCop,Co-op twin-stick shooter,Finite Reflection Studios,Finite Reflection Studios
Twin Mirror,Adventure,Dontnod Entertainment,Dontnod Entertainment
Twin Robots: Ultimate Edition,Platformer,Thinice Games,Ratalaika Games
Two Parsecs From Earth,"Action, metroidvania",ABX Games Studios,Ratalaika Games
Two Point Hospital,"Strategy, management",Two Point Studios,Sega
Tyd Wag vir Niemand,First-person platform puzzler,Skobbejak Games,Skobbejak Games
Typoman,Puzzleplatformer,Brainseed Factory,Brainseed Factory
UglyDolls: An Imperfect Adventure,Kids & Family,Well Played Games,Outright Games
Ultimate Chicken Horse,Platformer,Clever Endeavour Games,Clever Endeavour Games
Ultimate Racing 2D,Racing,Applimazing,Applimazing
Ultratron,Platformer,Carbon,Curve Digital
Unbox: Newbie's Adventure,Platformer,Prospect Games,Merge Games
Uncanny Valley,Horror adventure,SPL,Digerati
Uncharted Tides: Port Royal,Hidden object adventure,Cordelia Games,Artifex Mundi
Undead Horde,Action role-playing,10tons,10tons
Underhero,Platformerrole-playing,"Paper Castle Games, Stage Clear Studios",Digerati
Undernauts: Labyrinth of Yomi,Role-playing,Experience,JP: ExperienceWW: Aksys Games
Undertale,Role-playing,Tobyfox,8-4
Underworld Ascendant,Action role-playing,Otherside Entertainment,505 Games
Unepic,Platformerrole-playing,Francisco Tellez de Meneses,EnjoyUp Games
Unexplored,Roguelite action-role-playing,Nephilim Game StudiosLudomotion,Digerati
Unit 4,Platformer,Gamera Interactive,Gamera Interactive
Unknown Fate,1st-person adventure,MarsLit Games,MarsLit Games
Unmechanical: Extended,Puzzle-platformer,Talawa GamesTeotl Studios,Grip Games
Unnamed Fiasco,Action-adventureplatformer,Unnamed Fiasco Team,Unnamed Fiasco Team
Uno,Card & Board,Ubisoft Chengdu,Ubisoft
Unravel,Puzzle platformer,Coldwood Interactive,Electronic Arts
Unravel Two,Puzzle platformer,Coldwood Interactive,Electronic Arts
Unruly Heroes,Platformer,Magic Design Studios,Magic Design Studios
Unspottable,Party,GrosChevaux,GrosChevaux
Untitled Goose Game,"Action-adventure, stealth",House House,Panic
Unto The End,Action-adventure,2 Ton Studios,Big Sugar
Use Your Words,Party,Smiling Buddha Games,Screenwave Media
V-Rally 4,Racing,Kylotonn,Bigben Interactive
Vaccine,Action & Adventure,RNC,RNC
Valentino Rossi: The Game,Racing,Milestone srl,Milestone srl
Valfaris,"Action, platformer",Steel Mantis,Digital Uppercut
Valhalla Hills: Definitive Edition,Strategy,Daedalic Entertainment,Kalypso
Valiant Hearts: The Great War,Puzzleadventure,Ubisoft Montpellier,Ubisoft
Valkyria Chronicles 4,Tactical role-playing,Sega,Sega
Valkyria Revolution,Strategy role-playing,Sega,Sega
Valley,Adventure,Blue Isle Studios,Blue Isle Studios
Vambrace: Cold Soul,Role-playing,Devespresso Games,Headup Games
Vampire: The Masquerade – Bloodlines 2,Action role-playing,Hardsuit Labs,Paradox Interactive
Vampire: The Masquerade – Coteries of New York,Visual novel,Draw Distance,Draw Distance
Vampyr,Action role-playing,Dontnod Entertainment,Focus Home Interactive
The Incredible Adventures of Van Helsing,Action role-playing,NeocoreGames,NeocoreGames
The Incredible Adventures of Van Helsing II,Action role-playing,NeocoreGames,NeocoreGames
The Incredible Adventures of Van Helsing III,Action role-playing,NeocoreGames,NeocoreGames
The Vanishing of Ethan Carter,"Adventure, Puzzle",The Astronauts,The Astronauts
Vanquish,"Action, third-person shooter",PlatinumGames,Sega
Vaporum,Role-playing,Fatbot Games,Merge Games
Varenje,Hidden object adventure,Play Cute,Joybits
Vasara HD Collection,Shoot 'em up,QuByte Interactive,QuByte Interactive
Vasilis,Adventure,Marginal Act,Sometimes You
Velocity 2X,"Action & Adventure, Platformer, Shooter",FuturLab,Sierra Entertainment
Velocity G,Racing,Andrew Jeffreys,Repixel8
Vera Blanc: Full Moon,Visual novel,Winter Wolves,Ratalaika Games
Verdun,Shooter,M2H Game Studio,Blackmill Games
Verlet Swing,Action,"Flamebait Games, Stage Clear Studios",Digerati
Vertical Drop Heroes HD,Role-playing,SPL,Digerati
Vesta,"Adventure, Puzzle",FinalBoss Games,FinalBoss Games
Vicious Attack Llama Apocalypse,Shooter,RogueCode,RogueCode
Victor Vran,Action role-playing,Haemimont Games,Haemimont Games
Videoball,Sports,Action Button,Iron Galaxy Studios
The VideoKid,"Action, Retro",VideoKid Games,Chorus Worldwide
Vigor,Survival,Bohemia Interactive,Bohemia Interactive
Vikings: Wolves of Midgard,Action role-playing,Games Farm,Kalypso Media
Virginia,Adventure,Variable State,505 Games
The Voice,Music,Voxler,Bigben Interactive
Void Bastards,Roguelike first person shooter,Blue Munchu,Humble Bundle
Void Vikings,Shoot 'em up,Ugly Beard Games,Ugly Beard Games
Volgarr the Viking,2D Platform,Crazy Viking Studios,Crazy Viking Studios
Voodoo Vince,Platformer,Beep Games,Beep Games
Vosaria: Lair of the Forgotten,Action-platformer,Johnny Ostad,Johnny Ostad
Vostok Inc,Simulation,Nosebleed Interactive,BadLand Publishing
Wailing Heights,Adventure,Outsider Games,Outsider Games
Walk in the Dark,Platform,Flying Turtle Software,Flying Turtle Software
Walk The Light,Puzzle,AntiCrunch Studios,AntiCrunch Studios
The Walking Dead: Michonne,Graphic adventure,Telltale Games,Telltale Games
The Walking Dead: Season One,Graphic adventure,Telltale Games,Telltale Games
The Walking Dead: Season Two,Graphic adventure,Telltale Games,Telltale Games
The Walking Dead: A New Frontier,Graphic adventure,Telltale Games,Telltale Games
The Walking Dead: The Final Season,Graphic adventure,Telltale Games,Telltale Games
The Walking Vegetables: Radical Edition,Roguelite shooter,Still Running,Merge Games
Wand Wars,Action & Adventure,Moonradish,Moonradish
Wandersong,Adventure,Greg Lobanov,Humble Bundle
War Tech Fighters,"Space shooter, Mechs",Drakkar Dev,Blowfish Studios
Wargroove,"Strategy, Turn-based",Chucklefish,Chucklefish
"Warhammer 40,000: Inquisitor – Martyr",Action role-playing,NeocoreGames,NeocoreGames
"Warhammer 40,000: Mechanicus",Turn-based strategy,Bulwark Studios,Kasedo Games
Warhammer Age of Sigmar: Storm Ground,Turn-based strategy,Gastket Games,Focus Home Interactive
Warhammer: End Times – Vermintide,"First-person shooter, Action",Fatshark,Fatshark
Warhammer: Vermintide 2,"First-person shooter, Action",Fatshark,Fatshark
Warhammer: Chaosbane,Action role-playing,Eko Games,Bigben Interactive
Warhammer Quest,Role-playing,Rodeo Games/Twistplay,Chilled Mouse
Warhammer Quest 2: The End Times,Tactical role-playing,Perchang,Chilled Mouse
Warlock's Tower,Puzzle,Midipixel,Ratalaika Games
War Mongrels,Real-time tactics,Destructive Creations,All In! Games
Warparty,Real-time strategy,Warcave,Crazy Monkey Studios
Warriors Orochi 3 Ultimate,Hack and slash,Omega Force,Koei Tecmo
Warriors Orochi 4,Hack and slash,Omega Force,Koei Tecmo
Wartile,"Tactics, strategy",Playwood Project,Deck13
Wasteland 2: Game of the Year Edition,Role-playing,Obsidian Entertainment,inXile Entertainment
Wasteland Remastered,Role-playing,inXile Entertainment,Xbox Game Studios
Watch Dogs,Action-adventurestealthopen world,Ubisoft Montreal,Ubisoft
Watch Dogs 2,Action-adventurestealthopen world,Ubisoft Montreal,Ubisoft
Watch Dogs: Legion,Action-adventure,Ubisoft Toronto,Ubisoft
The Way,"Adventure, Platform",Puzzling Dream,Code Horizon
Way Out,Action-adventure,Hazelight Studios,Electronic Arts
Way of the Passive Fist,Action,Household Games,Household Games
Way to the Woods,Action-adventure,Studio Happy Bee,Team17
We Were Here,Co-op puzzle adventure,Total Mayhem Games,Total Mayhem Games
We Were Here Too,Co-op puzzle adventure,Total Mayhem Games,Total Mayhem Games
We. The Revolution,Adventure,Klabater,Poluslash
Wenjia,Platformer,Delimma Studio,E-Home Entertainment
Western Press,Action,Paul Godson & Walk with Kings,Surprise Attack Games
We Are Doomed,Shooter,Vertex Pop,Vertex Pop
We Are the Dwarves,Adventure,Whale Rock Games,Whale Rock Games
We Happy Few,Roguelite Stealth/Survival,Compulsion Games,Gearbox Publishing
We Sing Pop,Song & Rhythm,We Sing Productions,THQ Nordic
Welcome to Hanwell,Survival horror,Steel Arts Software,Steel Arts Software
Wells,Run and Gun,Tower Up Studios,Tower Up Studios
Westerado: Double Barreled,Action,Ostrich Banditos,Adult Swim Games
What Lies in the Multiverse,Adventure,Studio VoyagerIguanaBee,Untold Tales
What Remains of Edith Finch,Adventure,Giant Sparrow,Annapurna Interactive
What the Box?,Competitive shooter,Bitten Toast Games,Bitten Toast Games
Wheel of Fortune,Card & Board,Frima Studios,Ubisoft
Wheels of Aurelia,"Racing, Adventure",MixedBag,MixedBag
Wheelspin Frenzy,Top Down Racing,Mental Moose Games,Mental Moose Games
Where Are My Friends?,"Platformer, Puzzle",Beard Games Studio,Sometimes You
Where the Bees Make Honey,Puzzle,Wakefield Interactive,Whitethorn Digital
Where the Water Tastes Like Wine,Adventure,"Dim Bulb Games, Serenity Forge",Serenity Forge
Whipseey and the Lost Atlas,Platformer,Daniel Ramirez,Blowfish Studios
Whispering Willows,Action & Adventure,Abstraction Games,Abstraction Games
White Night,"Puzzle, survival horror",Osome Studio,Osome Studio
White Noise 2,Survival horror,Milkstone Studios,Milkstone Studios
Wick,Horror,Hellbent Games,Hellbent Games
Wildfire,Stealth,Sneaky Bastards,Humble Games
Windscape,Action-adventure,Magic Sandbox,Headup Games
Winter's Dream,Visual novel,Ebi-Hime,Sometimes You
Winx Club: Alfea Butterflix Adventures,"Adventure, Puzzle",Tsumanga Studios,Tsumanga Studios
The Witcher 3: Wild Hunt,Action role-playing,CD Projekt Red,CD ProjektWarner Bros. Interactive Entertainment
Without Escape,"Adventure, Puzzle",Bumpty Trail Games,EastAsiaSoft
The Witness,"Adventure, puzzle",Thekla,Thekla
Wizard of Legend,Action role-playing,Contingent99,Humble Bundle
Wizards of Brandel,"Role-playing, JRPG",Exe Create,Kemco
The Wolf Among Us,Graphic adventure,Telltale Games,Telltale Games
Wolfenstein: The New Order,First-person shooter,MachineGames,Bethesda Softworks
Wolfenstein: The Old Blood,First-person shooter,MachineGames,Bethesda Softworks
Wolfenstein: Youngblood,First-person shooter,MachineGames,Bethesda Softworks
Wolfenstein II: The New Colossus,First-person shooter,MachineGames,Bethesda Softworks
Wonder Boy: The Dragon's Trap,Action & Adventure,Lizardcube,DotEmu
Wondershot,Action & Adventure,Leikir Studio,Leikir Studio
Woodle Tree Adventures,Platformer,Fabio Ferrara,Chubby Pixel
Woodle Tree Adventures 2,Platformer,Fabio Ferrara,Chubby Pixel
Worbital,"Party game, artillery",Team Jolly Roger,Advanced Interactive Games
World Enduro Rally,Racing,GraphicDNA,GraphicDNA
World II: Hunting Boss,Fighting,Guangzhou Good Games / Taiwan OXON Game Studio,E-Home Entertainment
World of Final Fantasy Maxima,Role-playing,ToseSquare Enix,Square Enix
The World of Van Helsing: Deathtrap,Tower defenseAction role-playing,Neocore Games,Neocore Games
World War Z,Co-op shooter,Saber Interactive,Mad Dog Games
World War Z: Aftermath,First-person shooter,Saber Interactive,Saber Interactive
World to the West,Action & Adventure,Rain Games,Soedesco
Worlds of Magic: Planar Conquest,Strategy,Teyon,Maximum Games
Worms Battlegrounds,Artilleryturn-based strategy,Team17,Team17
Worms Rumble,Artilleryturn-based strategy,Team17,Team17
Worms W.M.D,Artilleryturn-based strategy,Team17,Team17
Worse Than Death,Horror,Benjamin Rivers,Benjamin Rivers
Woven,Action-adventure,Alterego Games,Stickylock
WRC 5,"Racing, Rally",Kylotonn Games,Bigben Interactive
WRC 6,"Racing, Rally",Kylotonn Games,Bigben Interactive
WRC 7,"Racing, Rally",Kylotonn Games,Bigben Interactive
WRC 8,"Racing, Rally",Kylotonn Games,Bigben Interactive
WRC 9,"Racing, Rally",Kylotonn Games,Bigben Interactive
WRC 10,"Racing, Rally",Kylotonn Games,Nacon
Wreckfest,Vehicular combat,Bugbear Entertainment,THQ Nordic
Wulverblade,"Brawler, sidescroller",Darkwind Media,Darkwind Media
Wuppo,"Action-Adventure, Platformer",Knuist & Perzik,Soedesco
WWE 2K15,Sports,Yuke's/Visual Concepts,2K Sports
WWE 2K16,Sports,Yuke's/Visual Concepts,2K Sports
WWE 2K17,Sports,Yuke's/Visual Concepts,2K Sports
WWE 2K18,Sports,Yuke's/Visual Concepts,2K Sports
WWE 2K19,Sports,Yuke's/Visual Concepts,2K Sports
WWE 2K20,Sports,Visual Concepts,2K Sports
WWE 2K Battlegrounds,Sports,Saber Interactive,2K Sports
X-Morph: Defense,Twin-stick shootertower defense,Exor Studios,Exor Studios
Xcom 2,Strategy & Simulation,Firaxis Games,2K Games
Xeno Crisis,Top-down shooter,Bitmap Bureau,Bitmap Bureau
Xenon Racer,Racing,3D Clouds,Soedesco
Xenon Valkyrie+,Platformerrole-playing,Diabolical MindCowCat,CowCat
Xenoraid,Shoot 'em up,10tons,10tons
Xenoraptor,Twin stick shooter,"Peter Cleary, Stage Clear Studios",Digerati
XIII,"First-person shooter, stealth",PlayMagic,Microïds
Xuan-Yuan Sword: The Gate of Firmament,Role-playing,Softstar Entertainment,E-Home Entertainment
Yaga,Action role-playing,Breadcrumbs Interactive,Versus Evil
Yakuza 0,Action-adventure,Sega,Sega
Yakuza 6: The Song of Life,Action-adventure,Sega,Sega
Yakuza Kiwami,Action-adventure,Sega,Sega
Yakuza Kiwami 2,Action-adventure,Sega,Sega
Yakuza: Like a Dragon,Role-playing,Ryu Ga Gotoku Studio,Sega
The Yakuza Remastered Collection,Action-adventure,Sega,Sega
Yasai Ninja,Action & Adventure,Reco Technology,Reco Technology
"Yes, Your Grace",Role-playing,Brave at Night,No More Robots
Yesterday Origins,Adventure,Pendulo Studios,Microids
YesterMorrow,Puzzle-platform,Bitmap Galaxy,Blowfish Studios
Yet Another Zombie Defense HD,Top-down shooter,Awesome Games Studio,Awesome Games Studio
Yoku's Island Express,"Platformer, pinball, adventure",Villa Gorilla,Team17
Yonder: The Cloud Catcher Chronicles,Adventure,Prideful Sloth,Merge Games
Yooka-Laylee,3D Platformer,Playtonic Games,Team17
Yooka-Laylee and the Impossible Lair,3D Platformer,Playtonic Games,Team17
Your Toy,"Adventure, Puzzle",Viva Games,E-Home Entertainment
Youtubers Life OMG! Edition,"Life simulation, Strategy",UPlay Online,UPlay Online
Ys Origin,Action role-playing,DotEmu,DotEmu
Yu-Gi-Oh! Legacy of the Duelist,Card & Board,Other Ocean Interactive,Konami
Yu-Gi-Oh! Legacy of the Duelist: Link Evolution,Card battle,Konami,Konami
Yu-Gi-Oh! Master Duel,Card battle,Konami,Konami
Yuoni,Survival horror,Tricore,Chorus Worldwide
The Z Axis: Continuum,Puzzle Platformer,Lazerpants Games,Lazerpants Games
Zamb! Redux,"Twin-stick shooter, tower defense",Nano Games,Nano Games
"Zazen, zen meditation game",Exergaming,Nangok Software,Nangok Software
Zengeon,Action role-playing,IndieLeague Studio,PQube
Zenith,Role-playing,Infinigon,BadLand Games
Zeroptian Invasion,"Shoot 'em up, Arcade",Josyanf1,Ratalaika Games
Zheros,Action & Adventure,Rimlight Studios,Rimlight Studios
Ziggurat,First-person shooterdungeon crawl,Milkstone Studios,Milkstone Studios
Zombi,Action & Adventure,Ubisoft Montpellier,Ubisoft
Zombie Army 4: Dead War,Co-op shooter,Rebellion Developments,Rebellion Developments
Zombie Army Trilogy,"Tactical shooter, Stealth",Rebellion Developments,Rebellion Developments
Zombie Driver: Ultimate Edition,"Action-adventure, Racing",Exor Studios,Exor Studios
Zombie Party,Action-adventure,Peach Pie Productions,Black Shell Media
Zombie Pinball,Pinball,Shine Research,Plug In Digital
Zombie Vikings,Brawler,Zoink,Zoink
Zombieland: Double Tap - Road Trip,Twin-stick shooter,High Voltage Software,GameMill Entertainment
Zombies Ate My Neighbors,Run and gun,Dotemu,Lucasfilm Games
Zoo Tycoon,Business simulation,Frontier Developments,Xbox Game Studios
Zoo Tycoon: Ultimate Animal Collection,Business simulation,Asobo Studio,Xbox Game Studios
Zumba Fitness: World Party,Exergaming,Zoë Mode,Majesco Entertainment
